id,name,domain,industry,headcount,location,annual_revenue,cloud_environment,tech_stack,compliance_mandates,engineering_growth_6m_pct,security_headcount,cyber_risk_score,risk_tier,recent_triggers
comp_001,PayFlow Technologies,payflow.io,Fintech & Payments,185,"Sydney, Australia",$28M,AWS (Multi-Region) + Kubernetes,AWS; Kubernetes; Node.js; PostgreSQL; Redis; Kafka,PCI-DSS Level 1; SOC 2 Type II; APRA CPS 234,42,0,94,TIER_1_CRITICAL,Raised $18M Series B 3 months ago; expanding open banking API to 15 tier-2 banks; zero dedicated AppSec or CISO hires.
comp_002,Nexus Health AI,nexushealth.ai,Digital Health / Healthcare,120,"Melbourne, Australia",$14M,Google Cloud Platform (GCP) + BigQuery,GCP; Python; FastAPI; React; Docker; BigQuery,HIPAA; Privacy Act (Australia); ISO 27001,35,0,91,TIER_1_CRITICAL,Signed multi-hospital diagnostic imaging contract; ingesting patient health records (PHI) across 8 regional hospitals.
comp_003,OmniRetail Direct,omniretail.com,E-Commerce & Retail,410,"Austin, TX, USA",$85M,Hybrid (AWS + Legacy Magento/On-Prem),AWS; PHP/Magento; Shopify Plus; MySQL; Cloudflare,PCI-DSS Level 2; CCPA; GDPR,12,1,88,TIER_1_CRITICAL,Holiday sales spike; suffered distributed bot credential stuffing attack on checkout endpoints 3 weeks ago.
comp_004,CloudScale Logistics,cloudscalelogistics.com,Logistics & Supply Chain,320,"Chicago, IL, USA",$62M,Microsoft Azure + On-prem Warehouse IoT,Azure; .NET Core; C#; Azure IoT Hub; SQL Server,SOC 2 Type II; ISO 27001,28,1,82,TIER_1_CRITICAL,"Connected 1,200 automated warehouse barcode scanners and IoT sensors directly to central Azure telemetry."
comp_005,FinEdge Wealth,finedgewealth.com.au,Wealth Management & Advisory,95,"Brisbane, Australia",$19M,AWS + Microsoft 365 Enterprise,AWS; Salesforce; Python; PostgreSQL; Okta,ASIC Regulatory Guide 271; SOC 2,25,0,85,TIER_1_CRITICAL,High Net Worth client portal launched; managing $1.2B in advisory assets; recently switched to full remote workforce.
comp_006,SentryGov Solutions,sentrygov.com,GovTech / Public Sector SaaS,210,"Canberra, Australia",$34M,AWS GovCloud (Australia) Protected Enclave,AWS GovCloud; TypeScript; React; PostgreSQL; Terraform,IRAP PROTECTED; Essential Eight Maturity Level 3,18,2,78,TIER_2_MODERATE,Bidding for federal department identity modernization tender; must certify Essential Eight Level 3 within 4 months.
comp_007,Beacon InsurTech,beaconinsure.io,InsurTech,140,"New York, NY, USA",$22M,"AWS Serverless (Lambda, DynamoDB)",AWS Lambda; DynamoDB; Node.js; Serverless Framework; Auth0,NYDFS Cybersecurity Regulation; SOC 2 Type II,30,0,76,TIER_2_MODERATE,State insurance commissioner annual audit scheduled for Q4; 100% serverless event-driven architecture.
comp_008,TalentWave HR,talentwave.io,HRTech & Workforce SaaS,280,"San Francisco, CA, USA",$42M,AWS + Kubernetes,AWS; EKS; Ruby on Rails; React; Snowflake; Datadog,SOC 2 Type II; GDPR; CCPA,15,1,72,TIER_2_MODERATE,Upmarket enterprise move: Fortune 500 customers demanding custom enterprise security questionnaires and pen test results.
comp_009,AeroParts Global,aeropartsglobal.com,Aerospace & Defense Manufacturing,550,"Melbourne, Australia",$110M,Private Cloud + Hybrid Azure,Azure; Windows Server; SAP ERP; Cisco Hardware Firewalls,DISP (Defence Industry Security Program); NIST 800-171,8,2,75,TIER_2_MODERATE,Subcontracted for Tier-1 defense aviation manufacturing; mandated DISP accreditation check.
comp_010,HyperCart QuickCommerce,hypercart.app,Quick Commerce / Food Delivery,190,"Sydney, Australia",$31M,GCP + Firebase,GCP; Firebase; Flutter; Node.js; Stripe,PCI-DSS Level 3; Privacy Act,20,0,68,TIER_2_MODERATE,Mobile app downloads passed 1.5 million users; storing delivery location history and rider telemetry.
comp_011,Acme Local Bakery Chain,acmebakery.com.au,Food & Beverage (Local Retail),45,"Adelaide, Australia",$4.5M,None (Square POS SaaS),Square POS; WordPress; WooCommerce; Gmail,Basic PCI (handled by Square),0,0,12,DISQUALIFIED,Opened 2 new franchise storefronts in suburbs.
comp_012,SecureBank Corporation,securebankcorp.com,Commercial Banking,14500,"Sydney, Australia",$3.8B,Private Cloud + Hybrid AWS,Mainframe; IBM WebSphere; AWS; Splunk; CrowdStrike; Palo Alto; CyberArk,APRA CPS 234; PCI-DSS Level 1; SOC 2 Type II; ISO 27001,4,120,22,DISQUALIFIED,Published annual ESG and Cyber Defense report.
comp_013,Apex Cleaners & Maintenance,apexcleaners.com.au,Facilities & Cleaning Services,65,"Perth, Australia",$7.2M,None (Microsoft 365 Standard),Microsoft 365; Xero; Wix,None,0,0,8,DISQUALIFIED,Upgraded company staff smartphones to iPhone 15.
comp_014,DataVault Legal Tech,datavaultlegal.io,LegalTech / E-Discovery SaaS,160,"Sydney, Australia",$26M,AWS (Sydney Region),AWS; OpenSearch; Python; React; PostgreSQL; Docker,ISO 27001; SOC 2 Type II; Privacy Act,38,0,93,TIER_1_CRITICAL,Onboarding 4 top-tier international corporate law firms storing confidential litigation briefs and M&A diligence docs.
comp_015,GreenGrid Energy IoT,greengrid.energy,CleanTech / Smart Grid,220,"Melbourne, Australia",$39M,AWS + Industrial Scada IoT,AWS IoT Core; Go; TimescaleDB; React; Terraform,SOCI Act (Security of Critical Infrastructure); ISO 27001,29,1,96,TIER_1_CRITICAL,Designated under Australian Security of Critical Infrastructure (SOCI Act); mandatory incident reporting and risk management plan required.
comp_016,EduSphere LMS,edusphere.co,EdTech & Higher Ed SaaS,175,"Brisbane, Australia",$24M,AWS + Kubernetes,AWS; EKS; Node.js; MongoDB; Redis,FERPA; SOC 2 Type II; Privacy Act,14,0,64,TIER_2_MODERATE,"Contracted with 6 state university systems; managing student demographic, grade, and financial aid records."
comp_017,VentureFlow CRM,ventureflow.com,Enterprise SaaS,90,"San Francisco, CA, USA",$16M,Google Cloud Platform (GCP),GCP; Cloud Run; TypeScript; Next.js; PostgreSQL,SOC 2 Type II; GDPR,22,0,86,TIER_1_CRITICAL,Launched AI deal copilot that reads email communications for venture capital investors.
comp_018,BioPharm Research Lab,biopharmresearch.com.au,Biotech & Clinical Trials,130,"Melbourne, Australia",$27M,AWS + High Performance Compute (HPC),AWS; Slurm HPC; Python; Docker; S3 Data Lake,FDA 21 CFR Part 11; ISO 27001; TGA Regulations,19,0,89,TIER_1_CRITICAL,Commenced Phase II oncology clinical trial data pipeline; multi-million dollar patent research stored in S3.
comp_019,UrbanBite Cloud Kitchens,urbanbite.com.au,FoodTech & Hospitality,115,"Sydney, Australia",$18M,AWS Lightsail & Heroku,Heroku; Node.js; PostgreSQL; Shopify,Basic PCI,5,0,38,TIER_3_LOW,Steady operations across 12 commercial kitchens; no major infrastructure changes in past 12 months.
comp_020,FleetTrack Telematics,fleettrack.io,Automotive IoT / Telematics,270,"Austin, TX, USA",$51M,"AWS (Kinesis, ECS, DynamoDB)",AWS; Kinesis; Docker; Python; Go; Grafana,SOC 2 Type II; ISO 27001; DOT Compliance,31,1,84,TIER_1_CRITICAL,"Installed real-time OBD-II vehicle tracking dongles across 45,000 commercial delivery trucks."
